forecast_origin_utc,window_start_utc,window_end_utc,predicted_mean_gco2_per_kwh,predicted_emissions_gco2,actual_mean_gco2_per_kwh,actual_emissions_gco2,oracle_start_utc,oracle_end_utc,oracle_emissions_gco2,average_window_emissions_gco2,emissions_error_gco2,abs_emissions_error_gco2,savings_vs_average_gco2,regret_vs_oracle_gco2,date,Fixed 02:00-04:00 (overnight off-peak),Fixed 12:00-14:00 (midday solar peak),Fixed 18:00-20:00 (evening peak)
2025-11-01 00:00:00+00:00,2025-11-01 22:00:00+00:00,2025-11-02 00:00:00+00:00,51.75,103.5,68.5,137.0,2025-11-01 08:30:00+00:00,2025-11-01 10:30:00+00:00,71.5,126.44444444444444,33.5,33.5,-10.555555555555557,65.5,2025-11-01,88.0,102.0,199.0
2025-11-02 00:00:00+00:00,2025-11-02 08:30:00+00:00,2025-11-02 10:30:00+00:00,35.75,71.5,70.75,141.5,2025-11-02 21:30:00+00:00,2025-11-02 23:30:00+00:00,125.0,162.87777777777777,70.0,70.0,21.377777777777766,16.5,2025-11-02,141.5,147.0,206.5
2025-11-03 00:00:00+00:00,2025-11-03 21:30:00+00:00,2025-11-03 23:30:00+00:00,62.5,125.0,64.0,128.0,2025-11-03 10:30:00+00:00,2025-11-03 12:30:00+00:00,111.5,130.85555555555555,3.0,3.0,2.8555555555555543,16.5,2025-11-03,119.0,118.0,146.5
2025-11-04 00:00:00+00:00,2025-11-04 10:30:00+00:00,2025-11-04 12:30:00+00:00,55.75,111.5,72.25,144.5,2025-11-04 02:00:00+00:00,2025-11-04 04:00:00+00:00,113.5,164.85555555555555,33.0,33.0,20.355555555555554,31.0,2025-11-04,113.5,169.0,229.5
2025-11-05 00:00:00+00:00,2025-11-05 02:00:00+00:00,2025-11-05 04:00:00+00:00,56.75,113.5,63.5,127.0,2025-11-05 03:00:00+00:00,2025-11-05 05:00:00+00:00,119.0,222.84444444444443,13.5,13.5,95.84444444444443,8.0,2025-11-05,127.0,237.5,288.5
2025-11-06 00:00:00+00:00,2025-11-06 03:00:00+00:00,2025-11-06 05:00:00+00:00,59.5,119.0,130.5,261.0,2025-11-06 00:00:00+00:00,2025-11-06 02:00:00+00:00,243.5,414.23333333333335,142.0,142.0,153.23333333333335,17.5,2025-11-06,256.0,457.5,493.5
2025-11-07 00:00:00+00:00,2025-11-07 00:00:00+00:00,2025-11-07 02:00:00+00:00,121.75,243.5,194.75,389.5,2025-11-07 22:00:00+00:00,2025-11-08 00:00:00+00:00,349.0,405.18888888888887,146.0,146.0,15.688888888888869,40.5,2025-11-07,371.0,401.0,422.5
2025-11-08 00:00:00+00:00,2025-11-08 22:00:00+00:00,2025-11-09 00:00:00+00:00,174.5,349.0,146.25,292.5,2025-11-08 22:00:00+00:00,2025-11-09 00:00:00+00:00,292.5,375.35555555555555,-56.5,56.5,82.85555555555555,0.0,2025-11-08,339.0,363.0,422.5
2025-11-09 00:00:00+00:00,2025-11-09 22:00:00+00:00,2025-11-10 00:00:00+00:00,146.25,292.5,95.25,190.5,2025-11-09 22:00:00+00:00,2025-11-10 00:00:00+00:00,190.5,295.0777777777778,-102.0,102.0,104.57777777777778,0.0,2025-11-09,279.0,293.0,374.0
2025-11-10 00:00:00+00:00,2025-11-10 22:00:00+00:00,2025-11-11 00:00:00+00:00,95.25,190.5,103.25,206.5,2025-11-10 01:30:00+00:00,2025-11-10 03:30:00+00:00,162.0,267.52222222222224,16.0,16.0,61.02222222222224,44.5,2025-11-10,162.5,294.5,360.5
2025-11-11 00:00:00+00:00,2025-11-11 01:30:00+00:00,2025-11-11 03:30:00+00:00,81.0,162.0,86.5,173.0,2025-11-11 22:00:00+00:00,2025-11-12 00:00:00+00:00,84.0,187.64444444444445,11.0,11.0,14.644444444444446,89.0,2025-11-11,170.5,204.5,147.5
2025-11-12 00:00:00+00:00,2025-11-12 22:00:00+00:00,2025-11-13 00:00:00+00:00,42.0,84.0,60.5,121.0,2025-11-12 00:00:00+00:00,2025-11-12 02:00:00+00:00,88.0,210.1,37.0,37.0,89.1,33.0,2025-11-12,90.5,276.5,295.0
2025-11-13 00:00:00+00:00,2025-11-13 00:00:00+00:00,2025-11-13 02:00:00+00:00,44.0,88.0,60.25,120.5,2025-11-13 02:30:00+00:00,2025-11-13 04:30:00+00:00,101.5,226.88888888888889,32.5,32.5,106.38888888888889,19.0,2025-11-13,102.0,250.5,365.5
2025-11-14 00:00:00+00:00,2025-11-14 02:30:00+00:00,2025-11-14 04:30:00+00:00,50.75,101.5,54.0,108.0,2025-11-14 03:00:00+00:00,2025-11-14 05:00:00+00:00,106.5,160.03333333333333,6.5,6.5,52.03333333333333,1.5,2025-11-14,110.0,197.5,162.0
2025-11-15 00:00:00+00:00,2025-11-15 03:00:00+00:00,2025-11-15 05:00:00+00:00,53.25,106.5,46.5,93.0,2025-11-15 02:30:00+00:00,2025-11-15 04:30:00+00:00,93.0,206.2111111111111,-13.5,13.5,113.21111111111111,0.0,2025-11-15,95.5,239.5,329.5
2025-11-16 00:00:00+00:00,2025-11-16 02:30:00+00:00,2025-11-16 04:30:00+00:00,46.5,93.0,115.5,231.0,2025-11-16 22:00:00+00:00,2025-11-17 00:00:00+00:00,163.5,296.6111111111111,138.0,138.0,65.61111111111109,67.5,2025-11-16,232.0,345.0,341.5
2025-11-17 00:00:00+00:00,2025-11-17 22:00:00+00:00,2025-11-18 00:00:00+00:00,81.75,163.5,170.25,340.5,2025-11-17 03:00:00+00:00,2025-11-17 05:00:00+00:00,98.5,283.96666666666664,177.0,177.0,-56.53333333333336,242.0,2025-11-17,106.0,271.5,425.0
2025-11-18 00:00:00+00:00,2025-11-18 03:00:00+00:00,2025-11-18 05:00:00+00:00,49.25,98.5,151.0,302.0,2025-11-18 22:00:00+00:00,2025-11-19 00:00:00+00:00,195.0,369.47777777777776,203.5,203.5,67.47777777777776,107.0,2025-11-18,312.5,382.5,399.0
2025-11-19 00:00:00+00:00,2025-11-19 22:00:00+00:00,2025-11-20 00:00:00+00:00,97.5,195.0,89.75,179.5,2025-11-19 01:00:00+00:00,2025-11-19 03:00:00+00:00,149.5,265.55555555555554,-15.5,15.5,86.05555555555554,30.0,2025-11-19,151.5,268.0,344.5
2025-11-20 00:00:00+00:00,2025-11-20 01:00:00+00:00,2025-11-20 03:00:00+00:00,74.75,149.5,90.0,180.0,2025-11-20 00:00:00+00:00,2025-11-20 02:00:00+00:00,177.0,346.74444444444447,30.5,30.5,166.74444444444447,3.0,2025-11-20,184.0,344.0,416.0
2025-11-21 00:00:00+00:00,2025-11-21 00:00:00+00:00,2025-11-21 02:00:00+00:00,88.5,177.0,217.25,434.5,2025-11-21 22:00:00+00:00,2025-11-22 00:00:00+00:00,232.0,430.02222222222224,257.5,257.5,-4.47777777777776,202.5,2025-11-21,454.0,393.5,412.0
2025-11-22 00:00:00+00:00,2025-11-22 22:00:00+00:00,2025-11-23 00:00:00+00:00,116.0,232.0,104.75,209.5,2025-11-22 02:30:00+00:00,2025-11-22 04:30:00+00:00,176.0,276.6111111111111,-22.5,22.5,67.11111111111109,33.5,2025-11-22,178.5,309.5,346.5
2025-11-23 00:00:00+00:00,2025-11-23 02:30:00+00:00,2025-11-23 04:30:00+00:00,88.0,176.0,65.25,130.5,2025-11-23 09:30:00+00:00,2025-11-23 11:30:00+00:00,86.0,140.07777777777778,-45.5,45.5,9.577777777777783,44.5,2025-11-23,137.5,117.0,206.5
2025-11-24 00:00:00+00:00,2025-11-24 09:30:00+00:00,2025-11-24 11:30:00+00:00,43.0,86.0,187.25,374.5,2025-11-24 00:30:00+00:00,2025-11-24 02:30:00+00:00,113.0,294.8222222222222,288.5,288.5,-79.6777777777778,261.5,2025-11-24,120.5,364.0,338.0
2025-11-25 00:00:00+00:00,2025-11-25 00:30:00+00:00,2025-11-25 02:30:00+00:00,56.5,113.0,97.25,194.5,2025-11-25 02:30:00+00:00,2025-11-25 04:30:00+00:00,193.0,370.0888888888889,81.5,81.5,175.5888888888889,1.5,2025-11-25,194.0,397.0,442.0
2025-11-26 00:00:00+00:00,2025-11-26 02:30:00+00:00,2025-11-26 04:30:00+00:00,96.5,193.0,191.5,383.0,2025-11-26 22:00:00+00:00,2025-11-27 00:00:00+00:00,163.0,371.72222222222223,190.0,190.0,-11.277777777777771,220.0,2025-11-26,380.0,372.5,360.5
2025-11-27 00:00:00+00:00,2025-11-27 22:00:00+00:00,2025-11-28 00:00:00+00:00,81.5,163.0,83.25,166.5,2025-11-27 03:00:00+00:00,2025-11-27 05:00:00+00:00,130.0,174.17777777777778,3.5,3.5,7.677777777777777,36.5,2025-11-27,136.0,171.5,192.5
2025-11-28 00:00:00+00:00,2025-11-28 03:00:00+00:00,2025-11-28 05:00:00+00:00,65.0,130.0,82.0,164.0,2025-11-28 11:00:00+00:00,2025-11-28 13:00:00+00:00,132.5,166.5,34.0,34.0,2.5,31.5,2025-11-28,157.5,137.5,190.5
2025-11-29 00:00:00+00:00,2025-11-29 11:00:00+00:00,2025-11-29 13:00:00+00:00,66.25,132.5,86.0,172.0,2025-11-29 21:00:00+00:00,2025-11-29 23:00:00+00:00,107.5,156.16666666666666,39.5,39.5,-15.833333333333343,64.5,2025-11-29,123.5,163.5,169.5
2025-11-30 00:00:00+00:00,2025-11-30 21:00:00+00:00,2025-11-30 23:00:00+00:00,53.75,107.5,64.75,129.5,2025-11-30 04:30:00+00:00,2025-11-30 06:30:00+00:00,80.0,182.9111111111111,22.0,22.0,53.4111111111111,49.5,2025-11-30,114.5,212.0,283.0
2025-12-01 00:00:00+00:00,2025-12-01 04:30:00+00:00,2025-12-01 06:30:00+00:00,40.0,80.0,82.5,165.0,2025-12-01 02:30:00+00:00,2025-12-01 04:30:00+00:00,111.5,221.1888888888889,85.0,85.0,56.1888888888889,53.5,2025-12-01,113.5,285.0,255.0
2025-12-02 00:00:00+00:00,2025-12-02 02:30:00+00:00,2025-12-02 04:30:00+00:00,55.75,111.5,52.75,105.5,2025-12-02 00:00:00+00:00,2025-12-02 02:00:00+00:00,104.5,275.3666666666667,-6.0,6.0,169.86666666666667,1.0,2025-12-02,106.5,298.5,379.0
2025-12-03 00:00:00+00:00,2025-12-03 00:00:00+00:00,2025-12-03 02:00:00+00:00,52.25,104.5,150.5,301.0,2025-12-03 22:00:00+00:00,2025-12-04 00:00:00+00:00,192.5,359.96666666666664,196.5,196.5,58.96666666666664,108.5,2025-12-03,302.5,372.5,385.0
2025-12-04 00:00:00+00:00,2025-12-04 22:00:00+00:00,2025-12-05 00:00:00+00:00,96.25,192.5,159.0,318.0,2025-12-04 03:00:00+00:00,2025-12-04 05:00:00+00:00,141.5,295.4,125.5,125.5,-22.600000000000023,176.5,2025-12-04,147.0,332.0,382.0
2025-12-05 00:00:00+00:00,2025-12-05 03:00:00+00:00,2025-12-05 05:00:00+00:00,70.75,141.5,164.5,329.0,2025-12-05 22:00:00+00:00,2025-12-06 00:00:00+00:00,129.5,290.0111111111111,187.5,187.5,-38.98888888888888,199.5,2025-12-05,317.0,267.5,211.0
2025-12-06 00:00:00+00:00,2025-12-06 22:00:00+00:00,2025-12-07 00:00:00+00:00,64.75,129.5,70.5,141.0,2025-12-06 03:00:00+00:00,2025-12-06 05:00:00+00:00,104.5,168.17777777777778,11.5,11.5,27.177777777777777,36.5,2025-12-06,108.5,183.0,229.5
2025-12-07 00:00:00+00:00,2025-12-07 03:00:00+00:00,2025-12-07 05:00:00+00:00,52.25,104.5,83.5,167.0,2025-12-07 21:30:00+00:00,2025-12-07 23:30:00+00:00,101.5,200.5888888888889,62.5,62.5,33.5888888888889,65.5,2025-12-07,159.5,235.0,138.0
2025-12-08 00:00:00+00:00,2025-12-08 21:30:00+00:00,2025-12-08 23:30:00+00:00,50.75,101.5,72.25,144.5,2025-12-08 04:00:00+00:00,2025-12-08 06:00:00+00:00,90.5,159.07777777777778,43.0,43.0,14.577777777777783,54.0,2025-12-08,108.5,146.5,245.0
2025-12-09 00:00:00+00:00,2025-12-09 04:00:00+00:00,2025-12-09 06:00:00+00:00,45.25,90.5,43.75,87.5,2025-12-09 03:00:00+00:00,2025-12-09 05:00:00+00:00,83.0,141.57777777777778,-3.0,3.0,54.07777777777778,4.5,2025-12-09,84.5,167.0,160.0
2025-12-10 00:00:00+00:00,2025-12-10 03:00:00+00:00,2025-12-10 05:00:00+00:00,41.5,83.0,49.5,99.0,2025-12-10 01:30:00+00:00,2025-12-10 03:30:00+00:00,86.0,146.9777777777778,16.0,16.0,47.97777777777779,13.0,2025-12-10,88.0,137.0,180.5
2025-12-11 00:00:00+00:00,2025-12-11 01:30:00+00:00,2025-12-11 03:30:00+00:00,43.0,86.0,70.75,141.5,2025-12-11 02:30:00+00:00,2025-12-11 04:30:00+00:00,132.0,213.24444444444444,55.5,55.5,71.74444444444444,9.5,2025-12-11,136.5,203.0,266.5
2025-12-12 00:00:00+00:00,2025-12-12 02:30:00+00:00,2025-12-12 04:30:00+00:00,66.0,132.0,120.0,240.0,2025-12-12 00:00:00+00:00,2025-12-12 02:00:00+00:00,219.0,347.47777777777776,108.0,108.0,107.47777777777776,21.0,2025-12-12,231.0,371.0,370.5
2025-12-13 00:00:00+00:00,2025-12-13 00:00:00+00:00,2025-12-13 02:00:00+00:00,109.5,219.0,108.0,216.0,2025-12-13 21:30:00+00:00,2025-12-13 23:30:00+00:00,135.0,201.7888888888889,-3.0,3.0,-14.211111111111109,81.0,2025-12-13,192.0,188.5,207.5
2025-12-14 00:00:00+00:00,2025-12-14 21:30:00+00:00,2025-12-14 23:30:00+00:00,67.5,135.0,45.5,91.0,2025-12-14 22:00:00+00:00,2025-12-15 00:00:00+00:00,83.0,126.36666666666666,-44.0,44.0,35.36666666666666,8.0,2025-12-14,125.5,110.5,137.5
2025-12-15 00:00:00+00:00,2025-12-15 22:00:00+00:00,2025-12-16 00:00:00+00:00,41.5,83.0,130.75,261.5,2025-12-15 00:00:00+00:00,2025-12-15 02:00:00+00:00,82.0,286.5888888888889,178.5,178.5,25.088888888888903,179.5,2025-12-15,95.0,339.0,361.0
2025-12-16 00:00:00+00:00,2025-12-16 00:00:00+00:00,2025-12-16 02:00:00+00:00,41.0,82.0,131.5,263.0,2025-12-16 00:00:00+00:00,2025-12-16 02:00:00+00:00,263.0,401.25555555555553,181.0,181.0,138.25555555555553,0.0,2025-12-16,279.0,413.5,435.5
2025-12-17 00:00:00+00:00,2025-12-17 00:00:00+00:00,2025-12-17 02:00:00+00:00,131.5,263.0,164.5,329.0,2025-12-17 22:00:00+00:00,2025-12-18 00:00:00+00:00,85.0,280.1111111111111,66.0,66.0,-48.888888888888914,244.0,2025-12-17,331.5,279.5,232.5
2025-12-18 00:00:00+00:00,2025-12-18 22:00:00+00:00,2025-12-19 00:00:00+00:00,42.5,85.0,70.0,140.0,2025-12-18 00:00:00+00:00,2025-12-18 02:00:00+00:00,90.5,185.04444444444445,55.0,55.0,45.04444444444445,49.5,2025-12-18,100.5,255.5,182.5
2025-12-19 00:00:00+00:00,2025-12-19 00:00:00+00:00,2025-12-19 02:00:00+00:00,45.25,90.5,84.5,169.0,2025-12-19 02:30:00+00:00,2025-12-19 04:30:00+00:00,160.5,207.77777777777777,78.5,78.5,38.77777777777777,8.5,2025-12-19,165.0,187.0,238.5
2025-12-20 00:00:00+00:00,2025-12-20 02:30:00+00:00,2025-12-20 04:30:00+00:00,80.25,160.5,107.0,214.0,2025-12-20 22:00:00+00:00,2025-12-21 00:00:00+00:00,166.0,258.73333333333335,53.5,53.5,44.73333333333335,48.0,2025-12-20,206.0,278.5,271.5
2025-12-21 00:00:00+00:00,2025-12-21 22:00:00+00:00,2025-12-22 00:00:00+00:00,83.0,166.0,69.5,139.0,2025-12-21 22:00:00+00:00,2025-12-22 00:00:00+00:00,139.0,256.8666666666667,-27.0,27.0,117.86666666666667,0.0,2025-12-21,195.0,322.0,270.0
2025-12-22 00:00:00+00:00,2025-12-22 22:00:00+00:00,2025-12-23 00:00:00+00:00,69.5,139.0,103.75,207.5,2025-12-22 03:00:00+00:00,2025-12-22 05:00:00+00:00,106.5,266.1777777777778,68.5,68.5,58.677777777777806,101.0,2025-12-22,109.5,335.0,351.5
2025-12-23 00:00:00+00:00,2025-12-23 03:00:00+00:00,2025-12-23 05:00:00+00:00,53.25,106.5,88.0,176.0,2025-12-23 22:00:00+00:00,2025-12-24 00:00:00+00:00,143.0,236.8,69.5,69.5,60.80000000000001,33.0,2025-12-23,184.0,288.5,256.5
2025-12-24 00:00:00+00:00,2025-12-24 22:00:00+00:00,2025-12-25 00:00:00+00:00,71.5,143.0,69.0,138.0,2025-12-24 03:30:00+00:00,2025-12-24 05:30:00+00:00,102.5,191.38888888888889,-5.0,5.0,53.388888888888886,35.5,2025-12-24,115.0,238.5,244.0
2025-12-25 00:00:00+00:00,2025-12-25 03:30:00+00:00,2025-12-25 05:30:00+00:00,51.25,102.5,54.75,109.5,2025-12-25 05:00:00+00:00,2025-12-25 07:00:00+00:00,108.5,143.11111111111111,7.0,7.0,33.611111111111114,1.0,2025-12-25,116.0,159.5,157.0
2025-12-26 00:00:00+00:00,2025-12-26 05:00:00+00:00,2025-12-26 07:00:00+00:00,54.25,108.5,80.0,160.0,2025-12-26 03:30:00+00:00,2025-12-26 05:30:00+00:00,119.5,229.38888888888889,51.5,51.5,69.38888888888889,40.5,2025-12-26,124.5,241.0,308.5
2025-12-27 00:00:00+00:00,2025-12-27 03:30:00+00:00,2025-12-27 05:30:00+00:00,59.75,119.5,84.5,169.0,2025-12-27 03:30:00+00:00,2025-12-27 05:30:00+00:00,169.0,199.57777777777778,49.5,49.5,30.577777777777783,0.0,2025-12-27,190.0,192.5,230.5
2025-12-28 00:00:00+00:00,2025-12-28 03:30:00+00:00,2025-12-28 05:30:00+00:00,84.5,169.0,116.5,233.0,2025-12-28 01:30:00+00:00,2025-12-28 03:30:00+00:00,222.5,361.18888888888887,64.0,64.0,128.18888888888887,10.5,2025-12-28,223.0,412.5,446.5
2025-12-29 00:00:00+00:00,2025-12-29 01:30:00+00:00,2025-12-29 03:30:00+00:00,111.25,222.5,162.0,324.0,2025-12-29 22:00:00+00:00,2025-12-30 00:00:00+00:00,212.0,364.55555555555554,101.5,101.5,40.55555555555554,112.0,2025-12-29,319.5,389.0,369.0
2025-12-30 00:00:00+00:00,2025-12-30 22:00:00+00:00,2025-12-31 00:00:00+00:00,106.0,212.0,135.0,270.0,2025-12-30 01:00:00+00:00,2025-12-30 03:00:00+00:00,173.0,328.27777777777777,58.0,58.0,58.27777777777777,97.0,2025-12-30,176.0,373.0,405.0
2025-12-31 00:00:00+00:00,2025-12-31 01:00:00+00:00,2025-12-31 03:00:00+00:00,86.5,173.0,103.0,206.0,2025-12-31 03:00:00+00:00,2025-12-31 05:00:00+00:00,190.0,232.32222222222222,33.0,33.0,26.322222222222223,16.0,2025-12-31,195.0,213.0,256.5
