forecast_origin_utc,window_start_utc,predicted_emissions_gco2,actual_emissions_gco2,Fixed 02:00-04:00 (overnight off-peak),Fixed 12:00-14:00 (midday solar peak),Fixed 18:00-20:00 (evening peak)
2025-11-01 00:00:00+00:00,2025-11-01 03:00:00+00:00,157.9175156636927,90.5,88.0,102.0,199.0
2025-11-02 00:00:00+00:00,2025-11-02 08:30:00+00:00,139.08686433666526,141.5,141.5,147.0,206.5
2025-11-03 00:00:00+00:00,2025-11-03 09:30:00+00:00,201.74776984952103,114.5,119.0,118.0,146.5
2025-11-04 00:00:00+00:00,2025-11-04 09:30:00+00:00,194.69364125740412,141.0,113.5,169.0,229.5
2025-11-05 00:00:00+00:00,2025-11-05 03:30:00+00:00,199.4956367323271,119.5,127.0,237.5,288.5
2025-11-06 00:00:00+00:00,2025-11-06 03:30:00+00:00,199.92255364547964,276.0,256.0,457.5,493.5
2025-11-07 00:00:00+00:00,2025-11-07 02:30:00+00:00,280.5378834238521,372.0,371.0,401.0,422.5
2025-11-08 00:00:00+00:00,2025-11-08 02:30:00+00:00,307.5967353611885,338.5,339.0,363.0,422.5
2025-11-09 00:00:00+00:00,2025-11-09 22:00:00+00:00,318.9609511518631,190.5,279.0,293.0,374.0
2025-11-10 00:00:00+00:00,2025-11-10 09:00:00+00:00,295.07417148810896,261.0,162.5,294.5,360.5
2025-11-11 00:00:00+00:00,2025-11-11 03:00:00+00:00,273.3474266914053,167.0,170.5,204.5,147.5
2025-11-12 00:00:00+00:00,2025-11-12 22:00:00+00:00,227.47811466200704,121.0,90.5,276.5,295.0
2025-11-13 00:00:00+00:00,2025-11-13 03:30:00+00:00,198.69165188611524,106.5,102.0,250.5,365.5
2025-11-14 00:00:00+00:00,2025-11-14 03:30:00+00:00,195.09157767305936,106.5,110.0,197.5,162.0
2025-11-15 00:00:00+00:00,2025-11-15 04:00:00+00:00,156.9195365095976,96.0,95.5,239.5,329.5
2025-11-16 00:00:00+00:00,2025-11-16 04:30:00+00:00,181.04740721663282,224.0,232.0,345.0,341.5
2025-11-17 00:00:00+00:00,2025-11-17 05:00:00+00:00,274.45552175053206,195.5,106.0,271.5,425.0
2025-11-18 00:00:00+00:00,2025-11-18 03:00:00+00:00,256.0395206840144,302.0,312.5,382.5,399.0
2025-11-19 00:00:00+00:00,2025-11-19 03:30:00+00:00,308.5358769030568,169.5,151.5,268.0,344.5
2025-11-20 00:00:00+00:00,2025-11-20 03:00:00+00:00,244.03157182952214,194.0,184.0,344.0,416.0
2025-11-21 00:00:00+00:00,2025-11-21 02:30:00+00:00,249.67275276849605,458.0,454.0,393.5,412.0
2025-11-22 00:00:00+00:00,2025-11-22 22:00:00+00:00,310.594350892972,209.5,178.5,309.5,346.5
2025-11-23 00:00:00+00:00,2025-11-23 22:00:00+00:00,262.715827141607,104.0,137.5,117.0,206.5
2025-11-24 00:00:00+00:00,2025-11-24 08:30:00+00:00,213.75326970783584,382.0,120.5,364.0,338.0
2025-11-25 00:00:00+00:00,2025-11-25 02:30:00+00:00,262.1046277889628,193.0,194.0,397.0,442.0
2025-11-26 00:00:00+00:00,2025-11-26 02:30:00+00:00,283.2492481318494,383.0,380.0,372.5,360.5
2025-11-27 00:00:00+00:00,2025-11-27 22:00:00+00:00,307.3016435315255,166.5,136.0,171.5,192.5
2025-11-28 00:00:00+00:00,2025-11-28 22:00:00+00:00,222.37843858644092,132.5,157.5,137.5,190.5
2025-11-29 00:00:00+00:00,2025-11-29 10:00:00+00:00,168.82410948498662,180.0,123.5,163.5,169.5
2025-11-30 00:00:00+00:00,2025-11-30 04:00:00+00:00,177.65437824521035,82.0,114.5,212.0,283.0
2025-12-01 00:00:00+00:00,2025-12-01 04:00:00+00:00,212.0019888513947,137.0,113.5,285.0,255.0
2025-12-02 00:00:00+00:00,2025-12-02 03:00:00+00:00,231.3743713349939,106.5,106.5,298.5,379.0
2025-12-03 00:00:00+00:00,2025-12-03 03:00:00+00:00,239.09984421104178,317.5,302.5,372.5,385.0
2025-12-04 00:00:00+00:00,2025-12-04 22:00:00+00:00,295.9415417017741,318.0,147.0,332.0,382.0
2025-12-05 00:00:00+00:00,2025-12-05 03:00:00+00:00,243.07773635975215,329.0,317.0,267.5,211.0
2025-12-06 00:00:00+00:00,2025-12-06 22:00:00+00:00,234.26922322670217,141.0,108.5,183.0,229.5
2025-12-07 00:00:00+00:00,2025-12-07 03:30:00+00:00,196.62772550283984,177.5,159.5,235.0,138.0
2025-12-08 00:00:00+00:00,2025-12-08 22:00:00+00:00,241.56295651824806,129.0,108.5,146.5,245.0
2025-12-09 00:00:00+00:00,2025-12-09 04:00:00+00:00,215.22880737276733,87.5,84.5,167.0,160.0
2025-12-10 00:00:00+00:00,2025-12-10 03:30:00+00:00,192.918605795233,109.0,88.0,137.0,180.5
2025-12-11 00:00:00+00:00,2025-12-11 02:30:00+00:00,176.0391049978677,132.0,136.5,203.0,266.5
2025-12-12 00:00:00+00:00,2025-12-12 02:30:00+00:00,201.65941739669003,240.0,231.0,371.0,370.5
2025-12-13 00:00:00+00:00,2025-12-13 02:00:00+00:00,245.36176370047488,192.0,192.0,188.5,207.5
2025-12-14 00:00:00+00:00,2025-12-14 22:00:00+00:00,223.79774051207107,83.0,125.5,110.5,137.5
2025-12-15 00:00:00+00:00,2025-12-15 10:30:00+00:00,207.07221285829675,329.0,95.0,339.0,361.0
2025-12-16 00:00:00+00:00,2025-12-16 02:30:00+00:00,245.9555070940293,287.5,279.0,413.5,435.5
2025-12-17 00:00:00+00:00,2025-12-17 01:30:00+00:00,313.2977719766858,324.0,331.5,279.5,232.5
2025-12-18 00:00:00+00:00,2025-12-18 22:00:00+00:00,252.1481016773462,140.0,100.5,255.5,182.5
2025-12-19 00:00:00+00:00,2025-12-19 01:30:00+00:00,210.60737758109082,170.0,165.0,187.0,238.5
2025-12-20 00:00:00+00:00,2025-12-20 02:30:00+00:00,187.24417594666593,214.0,206.0,278.5,271.5
2025-12-21 00:00:00+00:00,2025-12-21 02:00:00+00:00,237.16980922776781,195.0,195.0,322.0,270.0
2025-12-22 00:00:00+00:00,2025-12-22 22:00:00+00:00,272.29277555821693,207.5,109.5,335.0,351.5
2025-12-23 00:00:00+00:00,2025-12-23 03:00:00+00:00,256.57874990465837,176.0,184.0,288.5,256.5
2025-12-24 00:00:00+00:00,2025-12-24 03:30:00+00:00,246.55120046845002,102.5,115.0,238.5,244.0
2025-12-25 00:00:00+00:00,2025-12-25 04:00:00+00:00,195.63779709693603,109.5,116.0,159.5,157.0
2025-12-26 00:00:00+00:00,2025-12-26 05:00:00+00:00,167.7701680826598,160.0,124.5,241.0,308.5
2025-12-27 00:00:00+00:00,2025-12-27 03:30:00+00:00,178.65644666163854,169.0,190.0,192.5,230.5
2025-12-28 00:00:00+00:00,2025-12-28 04:00:00+00:00,201.3932307923843,239.5,223.0,412.5,446.5
2025-12-29 00:00:00+00:00,2025-12-29 03:30:00+00:00,304.93752821624753,342.5,319.5,389.0,369.0
2025-12-30 00:00:00+00:00,2025-12-30 22:00:00+00:00,338.4215846691727,270.0,176.0,373.0,405.0
2025-12-31 00:00:00+00:00,2025-12-31 02:30:00+00:00,289.58492057671043,192.5,195.0,213.0,256.5
